Model,Accuracy,Precision,Recall,F1_Score,ROC_AUC
logistic_regression,0.5490196078431373,0.5974895367503726,0.5490196078431373,0.5446245975971246,0.8864592446671867
knn,0.9607843137254902,0.964349376114082,0.9607843137254902,0.9612562300634167,0.9791111874288919
decision_tree,0.9509803921568627,0.9515913881025442,0.9509803921568627,0.9503728988089243,0.9690162176338496
svm,0.9509803921568627,0.9539441063781835,0.9509803921568627,0.9512358935611273,0.9899081021900789
random_forest,0.9803921568627451,0.9817460317460317,0.9803921568627451,0.9804706172411183,0.9978785991140643
xgboost,0.9705882352941176,0.9712885154061625,0.9705882352941176,0.9706557903092331,0.9983674997483137
lightgbm,0.9705882352941176,0.9712885154061625,0.9705882352941176,0.9706557903092331,0.9966453362528944
voting,0.9705882352941176,0.9712885154061625,0.9705882352941176,0.9706557903092331,0.9985414779019431
