Platform,Anger,Anxiety,Boredom,Happiness,Neutral,Sadness
Facebook,0.0,0.2696629213483146,0.19101123595505617,0.0,0.3707865168539326,0.16853932584269662
Instagram,0.03389830508474576,0.1271186440677966,0.0,0.6779661016949152,0.0847457627118644,0.07627118644067797
LinkedIn,0.0,0.15254237288135594,0.5932203389830508,0.0,0.1694915254237288,0.0847457627118644
Snapchat,0.0,0.23529411764705882,0.0,0.11764705882352941,0.2647058823529412,0.38235294117647056
Telegram,0.14705882352941177,0.11764705882352941,0.11764705882352941,0.0,0.38235294117647056,0.23529411764705882
Twitter,0.4148936170212766,0.10638297872340426,0.09574468085106383,0.0425531914893617,0.09574468085106383,0.24468085106382978
Whatsapp,0.38235294117647056,0.23529411764705882,0.0,0.14705882352941177,0.23529411764705882,0.0
